"","UniqueID","StateAbbr","CityName","Cancer_value","Binge_value","Smoke_value","LPA_value","Sleep_value","Obesity_value"
"1","107000","AL","Birmingham",5.7,13,22.6,35.8,41.8,42.6
"2","1077580","DE","Wilmington",5.8,14.7,23.6,33.2,43.1,36.8
"3","1150000","DC","Washington",5.4,22.6,17.2,18,36.7,26.4
"4","1207300","FL","Boca Raton",6.6,21,13.6,22.1,36.1,21
"5","1207875","FL","Boynton Beach",6.4,18,18.7,30.6,41.5,26.8
"6","1210275","FL","Cape Coral",6.2,20.4,17.6,26.3,33.9,27.2
"7","1212875","FL","Clearwater",6.2,20.5,21.4,27.7,39.5,29
"8","1214400","FL","Coral Springs",6,18.7,15.1,24.6,36,25
"9","1216475","FL","Davie",6,18.9,15.1,24.9,35.1,24.6
"10","1216725","FL","Deerfield Beach",6.1,17.6,19.7,29.5,38.5,28.6
"11","1217200","FL","Deltona",6.1,17.5,21.1,33.7,38.2,33.2
"12","1224000","FL","Fort Lauderdale",6,18.1,18.1,27.4,37.7,28.1
"13","1225175","FL","Gainesville",6.3,16.1,17.6,29.3,38.5,29.4
"14","1230000","FL","Hialeah",4.7,14.7,16.4,45.3,34.7,30.2
"15","1232000","FL","Hollywood",5.9,17.7,17.3,29,37.1,27.7
"16","1235000","FL","Jacksonville",6.1,18.6,20.2,28.5,38.1,31.4
"17","1238250","FL","Lakeland",6.3,15.1,20.3,30.9,36.7,37.1
"18","1239425","FL","Largo",6.3,20.6,23.1,28.6,39.8,28.8
"19","1239550","FL","Lauderhill",5.6,13.9,22,35.4,44.7,35.8
"20","1243975","FL","Melbourne",6.4,18.7,21.5,28.5,36.6,27.8
"21","1245000","FL","Miami",4.9,15.2,16.9,41.6,35.2,29.8
"22","1245025","FL","Miami Beach",5.4,18.6,13.3,30.1,31.1,23.7
"23","1245060","FL","Miami Gardens",5.2,13.9,20.5,41.2,41.3,33.9
"24","1245975","FL","Miramar",5.3,16.7,14.1,27,38.9,28.4
"25","1253000","FL","Orlando",5.7,17.5,16.6,30.7,37.1,30.3
"26","1254000","FL","Palm Bay",6.2,18.1,22.4,30.3,37.9,29.5
"27","1254200","FL","Palm Coast",6.4,18.3,20.6,27.9,36.2,27.5
"28","1255775","FL","Pembroke Pines",5.6,18.2,13.4,25.5,36.1,25.6
"29","1257425","FL","Plantation",6.1,19,14.2,23,35.5,24.6
"30","1258050","FL","Pompano Beach",6,17.1,20.7,31.2,39.3,30
"31","1258715","FL","Port St. Lucie",6,18.5,20.7,30.3,37.6,30.2
"32","1263000","FL","St. Petersburg",6.2,20.2,20.8,26.9,40.3,29.3
"33","1269700","FL","Sunrise",5.8,17.2,16.9,28.6,38.5,28.2
"34","1270600","FL","Tallahassee",6.2,17.6,16.1,26.4,34.2,31.1
"35","1271000","FL","Tampa",6,17.3,19.3,30.7,35.5,29
"36","1276600","FL","West Palm Beach",6.2,17.6,17.6,31,41.3,27.2
"37","1301052","GA","Albany",5.8,12.3,24.4,37.7,47.5,39.6
"38","1303440","GA","Athens",6,13.7,20.8,31.2,38.6,31.6
"39","1304000","GA","Atlanta",5.7,14.9,16.8,27.1,38.3,29.1
"40","1304204","GA","Augusta",5.8,13.9,22.6,33.7,42.8,36.4
"41","1319000","GA","Columbus",6,13.6,21.4,32.4,41.6,34.8
"42","1342425","GA","Johns Creek",6,17,10.9,18,32.1,17.6
"43","1349000","GA","Macon",5.8,11.8,26.3,39.2,44.1,44
"44","135896","AL","Hoover",6.4,18,13.9,20.2,32.8,28.9
"45","1367284","GA","Roswell",6.3,17.7,12.9,20.2,32.2,21.4
"46","1368516","GA","Sandy Springs",6.3,16.8,12.6,20,32.8,22
"47","1369000","GA","Savannah",5.7,13.9,21.7,32.6,41.9,35.5
"48","137000","AL","Huntsville",6.2,14.3,18.9,25.9,38.3,33.3
"49","1380508","GA","Warner Robins",6,13.9,21.9,31.9,38.7,33.9
"50","150000","AL","Mobile",6,15,20.7,29.3,39.7,39.7
"51","15003","HI","Honolulu",5.1,18.3,14.1,21.2,47.4,23.2
"52","151000","AL","Montgomery",6,14.9,21.1,30,38.1,36.9
"53","1608830","ID","Boise City",6.3,18.1,13.9,18.1,27.8,25.1
"54","1652120","ID","Meridian",6.3,19.1,13.8,17.3,27.5,24.4
"55","1656260","ID","Nampa",6.2,14.6,19,25.8,32.9,34.2
"56","1702154","IL","Arlington Heights",6.4,25.5,13.3,16.8,29.9,24
"57","1703012","IL","Aurora",5.7,18.3,17.3,27.2,34,34.2
"58","1706613","IL","Bloomington",6.5,20.2,16.2,22.2,33.1,32.2
"59","1707133","IL","Bolingbrook",5.7,18.6,16,25,33.6,33.9
"60","1712385","IL","Champaign",6.2,19,16.3,23,30.6,31.9
"61","1714000","IL","Chicago",5.6,20.1,17.3,27.4,35.9,33.7
"62","1714351","IL","Cicero",5.2,18.9,18.7,36.2,35.6,36.7
"63","1718823","IL","Decatur",6.3,18.3,23.2,29.7,35.5,38.4
"64","1723074","IL","Elgin",5.9,19.2,17.4,26.2,33.9,33
"65","1724582","IL","Evanston",6.2,22.8,12.5,17.9,31.4,26.5
"66","1738570","IL","Joliet",6,19.1,19.8,28.6,34.2,37.6
"67","1751622","IL","Naperville",6.1,21.5,11.9,16.8,29.5,26.2
"68","1757225","IL","Palatine",6.2,24,13.8,19.1,30.8,25.2
"69","1759000","IL","Peoria",6.2,18.6,20.5,26.2,34.2,36.3
"70","1765000","IL","Rockford",6.2,17.1,23.3,30,39.3,36.8
"71","1768003","IL","Schaumburg",6.2,23.5,13.3,18.5,31.4,23.4
"72","1772000","IL","Springfield",6.4,20,20.8,25,34.7,35.9
"73","177256","AL","Tuscaloosa",6.1,14.8,22.1,30.2,41,36.9
"74","1779293","IL","Waukegan",5.5,15.1,20.4,34.6,37.5,35.6
"75","1805860","IN","Bloomington",6.4,16.7,19.4,25.2,33.8,30.8
"76","1810342","IN","Carmel",6.2,19.6,11.7,15,29.3,23.6
"77","1822000","IN","Evansville",6.2,17.1,26,30.9,36.9,37.2
"78","1823278","IN","Fishers",6.2,20,12.4,15.3,29.7,24.5
"79","1825000","IN","Fort Wayne",6.1,17.9,21.9,25.6,32.9,35.1
"80","1827000","IN","Gary",5.2,12.2,26.4,39.1,48.8,49
"81","1831000","IN","Hammond",5.7,16,22.9,33.7,41.1,39.4
"82","1836003","IN","Indianapolis",6.1,18,23.8,27.6,36.3,33.2
"83","1840788","IN","Lafayette",6.3,15.7,21.9,27.1,34.5,33.4
"84","1851876","IN","Muncie",6.2,15.4,25.8,30.5,37.8,38.6
"85","1871000","IN","South Bend",6,17,25.4,32.3,40.8,39.4
"86","1912000","IA","Cedar Rapids",6.5,20.6,16.8,22.1,28.4,32.9
"87","1919000","IA","Davenport",6.3,21.6,19.9,24.1,30.6,33.1
"88","1921000","IA","Des Moines",6.2,19.2,21.9,25.2,32.7,33.3
"89","1938595","IA","Iowa City",6.2,21.1,15,20.1,27.5,28.5
"90","1973335","IA","Sioux City",6.2,19.5,20.1,26.5,29.3,37
"91","1982425","IA","Waterloo",6.2,21.5,20.2,26.4,30.4,35.6
"92","203000","AK","Anchorage",6.1,18.2,17.2,18.2,30.7,27.5
"93","2036000","KS","Kansas City",5.7,14,24.8,35.6,36.9,43.8
"94","2038900","KS","Lawrence",6.2,18,16.5,19.4,29.6,29
"95","2052575","KS","Olathe",6.1,18.8,14.7,17.4,26.7,25.6
"96","2053775","KS","Overland Park",6.2,18.8,12.4,15,25.6,23.7
"97","2071000","KS","Topeka",6.2,14.5,20.5,25.7,33.1,37.2
"98","2079000","KS","Wichita",6.3,14.8,22.3,26.9,35.6,31.6
"99","2146027","KY","Lexington",6.3,17.5,20.2,25.4,39.2,33.2
"100","2148006","KY","Louisville",6.5,18.5,23.3,26.1,38,34.2
"101","2205000","LA","Baton Rouge",5.8,15.8,20.4,30.5,38.6,35.8
"102","2239475","LA","Kenner",5.7,18.1,19.7,27.1,38.6,33.5
"103","2240735","LA","Lafayette",6.2,17.8,22.1,27.5,37.7,34
"104","2241155","LA","Lake Charles",5.9,17.1,24,31.7,42.1,40.2
"105","2255000","LA","New Orleans",5.6,18.9,20.5,27.3,40.8,34.5
"106","2270000","LA","Shreveport",5.9,14.9,23.6,31.3,38.6,43.4
"107","2360545","ME","Portland",6.6,18.9,16.4,17.9,31.6,26.9
"108","2404000","MD","Baltimore",5.8,16.3,22,29.1,43.2,36.1
"109","2507000","MA","Boston",5.7,20.3,16.5,21.6,36,24.9
"110","2509000","MA","Brockton",6,17.3,24.8,29.7,44.4,32
"111","2511000","MA","Cambridge",6,17.5,11.7,16.6,31.8,23
"112","2523000","MA","Fall River",6.6,17,27.9,30.1,40.3,31
"113","2534550","MA","Lawrence",5.2,14.3,20.6,34.3,40.2,32.7
"114","2537000","MA","Lowell",5.8,15.5,19.9,27.5,36.6,27
"115","2537490","MA","Lynn",5.8,16.3,20.7,27.1,39.7,28.6
"116","2545000","MA","New Bedford",6.5,16.4,27.3,30.9,40.8,32.2
"117","2545560","MA","Newton",6.2,19.5,10.4,14,29.8,20.2
"118","2555745","MA","Quincy",5.8,17.6,16,20,34.4,24.2
"119","2562535","MA","Somerville",6.1,18.2,13.9,18.6,32.1,24
"120","2567000","MA","Springfield",5.8,15.9,23.8,35.1,39.2,37.2
"121","2582000","MA","Worcester",6.1,17.6,21.5,27.1,38.6,29.7
"122","2603000","MI","Ann Arbor",6.3,20.7,12.5,16.2,31.1,25.6
"123","2621000","MI","Dearborn",6.9,21.2,25.8,25.6,39.7,33.7
"124","2622000","MI","Detroit",5.8,14.9,28.6,35.7,50.1,47.4
"125","2627440","MI","Farmington Hills",6.6,19.6,15.4,17.9,33.8,23.9
"126","2629000","MI","Flint",6,15,29.8,35.6,48.8,45.4
"127","2634000","MI","Grand Rapids",6.3,19.5,20.9,25,36.5,35.8
"128","2642160","MI","Kalamazoo",6.5,18.2,21.2,25.2,39.4,41.7
"129","2646000","MI","Lansing",6.3,18.9,23,26.7,39.7,38.9
"130","2649000","MI","Livonia",7,25.4,18.2,17.5,36.4,27.8
"131","2669035","MI","Rochester Hills",6.7,21.1,14.9,16.6,32.1,21.9
"132","2674900","MI","Southfield",6.1,16.4,18.6,23.2,40.4,33.2
"133","2676460","MI","Sterling Heights",6.7,21.2,22.8,22.6,37.6,30.7
"134","2680700","MI","Troy",6.5,20,14.4,17.1,32.5,20.8
"135","2684000","MI","Warren",6.6,19.9,26.7,26.6,39.9,34.3
"136","2686000","MI","Westland",6.8,22.2,23.2,23.5,40.4,32.9
"137","2688940","MI","Wyoming",6.4,21.1,21.3,24.3,35.6,33.5
"138","2706616","MN","Bloomington",6.1,24,15,15.5,28.4,22.9
"139","2707966","MN","Brooklyn Park",5.8,21.1,16.8,18.9,31.6,25.1
"140","2717000","MN","Duluth",6.4,22.3,21,20.2,33.3,31.9
"141","2743000","MN","Minneapolis",5.9,21.6,16.6,18.6,30,26.3
"142","2751730","MN","Plymouth",6.1,24.7,12.1,12.7,26.7,20.7
"143","2754880","MN","Rochester",6.4,20.6,15.4,16.8,31.4,26.8
"144","2758000","MN","St. Paul",5.8,18.7,17.4,20.1,30.4,30.8
"145","2829700","MS","Gulfport",6,12.4,23.9,30.4,38.2,39.3
"146","2836000","MS","Jackson",5.6,11,21.7,33.3,40.6,44.5
"147","2915670","MO","Columbia",6.4,17.8,18,22.8,32.1,30.8
"148","2935000","MO","Independence",6.3,20.5,25.4,24.4,37,31.4
"149","2938000","MO","Kansas City",6,18.1,22,25.1,38.2,33.2
"150","2941348","MO","Lee's Summit",6.4,22.5,17.7,17,33.7,26.8
"151","2954074","MO","O'Fallon",6.5,21,18.3,20.1,32.6,30.6
"152","2964550","MO","St. Joseph",6.5,18.9,27.4,30,35.3,41.7
"153","2965000","MO","St. Louis",6,17.7,24.7,29.5,37.7,37.6
"154","2970000","MO","Springfield",6.5,15.8,25.8,28.2,33.5,34.7
"155","3006550","MT","Billings",6.7,21.2,19.2,20.8,31,30
"156","3050200","MT","Missoula",6.6,22.4,18.8,17.9,28.5,26.5
"157","3128000","NE","Lincoln",6.4,23.1,17.3,20.5,28.3,29.9
"158","3137000","NE","Omaha",6,21.3,19.7,24.8,31.8,33.8
"159","3231900","NV","Henderson",6,18.2,16.8,20.4,38.2,23.3
"160","3240000","NV","Las Vegas",5.8,16.2,19.2,26.2,40.5,27
"161","3251800","NV","North Las Vegas",5.5,15.2,20,28.9,42.3,28.9
"162","3260600","NV","Reno",6,19,18.3,22.5,33.7,26.2
"163","3268400","NV","Sparks",6,19.4,18.4,22.6,33.8,25.9
"164","3345140","NH","Manchester",6.4,17.7,20.6,24.6,36,29.8
"165","3350260","NH","Nashua",6.4,18,18.2,22.5,35.1,28
"166","3410000","NJ","Camden",5,11.5,25.5,48.6,49.6,44.1
"167","3413690","NJ","Clifton",5.7,17.5,16.2,28.8,36.9,27.9
"168","3421000","NJ","Elizabeth",5.2,13.5,19.7,41.1,43.5,34.6
"169","3436000","NJ","Jersey City",5.2,14.1,16.2,34.4,43,28.5
"170","3451000","NJ","Newark",5,12.6,22.1,43.1,48.9,36.9
"171","3456550","NJ","Passaic",4.9,13.2,21,44.9,41.2,37.4
"172","3457000","NJ","Paterson",5,12.9,21.8,44.3,43.1,39.4
"173","3474000","NJ","Trenton",5.4,13.4,23.1,43.4,45.2,39.3
"174","3474630","NJ","Union City",4.8,14.4,17.9,43.4,42,34.4
"175","3502000","NM","Albuquerque",5.8,15.3,15.9,18.8,32.4,28
"176","3539380","NM","Las Cruces",5.6,16.7,15.9,20.2,32.2,30.1
"177","3563460","NM","Rio Rancho",5.8,17,15.7,16,31.3,24.9
"178","3570500","NM","Santa Fe",5.6,16.5,14,15.6,27.8,18.6
"179","3601000","NY","Albany",6.2,16.7,20.3,26.5,38.7,34.1
"180","3611000","NY","Buffalo",6.1,18,24.4,32.9,42.7,37.5
"181","3649121","NY","Mount Vernon",5.5,16.2,17.9,29.8,41.3,30.4
"182","3650617","NY","New Rochelle",5.8,18.9,14.6,25.2,35.5,24.3
"183","3651000","NY","New York",5.4,18.5,16.2,28.2,39.9,25.1
"184","3663000","NY","Rochester",6.1,15.4,24,33.3,39.7,40.3
"185","3665508","NY","Schenectady",6.3,18.4,24,29.1,41.2,32.9
"186","3673000","NY","Syracuse",6,17.3,24.6,31.7,40.4,38.3
"187","3684000","NY","Yonkers",5.7,17.8,16.3,28.8,36.7,25.8
"188","3702140","NC","Asheville",6.2,16,17.1,19.2,30.8,27.4
"189","3710740","NC","Cary",6.1,17.6,11.6,14.5,29.3,22.5
"190","3712000","NC","Charlotte",5.9,16.4,16.4,19.7,32.8,29.1
"191","3714100","NC","Concord",6.2,15.6,19.3,24,32.4,32.7
"192","3719000","NC","Durham",5.8,14.5,16.3,23.2,34,31.6
"193","3722920","NC","Fayetteville",5.9,14.2,18.8,24.4,38.5,35.6
"194","3725580","NC","Gastonia",6.1,14.4,21.8,27.2,37.6,33.7
"195","3728000","NC","Greensboro",5.9,15.5,19.8,23.4,35.8,36.5
"196","3728080","NC","Greenville",6,15.7,20.6,25,39.2,37.9
"197","3731400","NC","High Point",5.9,15.4,21.8,25.7,36.1,36.4
"198","3734200","NC","Jacksonville",6,17,20.6,24.4,38.9,31.1
"199","3755000","NC","Raleigh",6,16.1,15.1,18.8,32.7,28.6
"200","3774440","NC","Wilmington",6.3,16.3,19.8,22.9,32.4,30.4
"201","3775000","NC","Winston-Salem",6,15.2,20.3,26.2,36.2,37.4
"202","3825700","ND","Fargo",6.3,22.8,16.8,18.8,27.6,34.3
"203","3901000","OH","Akron",6,15.5,26.7,32.5,43.4,36.5
"204","3912000","OH","Canton",6.3,16,28.4,35.4,42.4,40.7
"205","3915000","OH","Cincinnati",6,16,22.7,30.4,42.9,37.7
"206","3916000","OH","Cleveland",5.6,13.9,29.5,36.1,42.6,39.5
"207","3918000","OH","Columbus",6.2,17.2,22.2,27.2,38.9,33.2
"208","3921000","OH","Dayton",6,13.8,28.5,36.5,45.2,43.5
"209","3961000","OH","Parma",6.4,20.2,23.7,23.6,34.8,27.7
"210","3977000","OH","Toledo",6.1,16.6,26.7,32.8,43.3,38.3
"211","3988000","OH","Youngstown",5.8,13.3,30.9,41.2,46,42
"212","4009050","OK","Broken Arrow",6.4,15,16.6,23.9,31.5,26.9
"213","4023200","OK","Edmond",6.2,14.5,14.2,21,30.2,27
"214","4041850","OK","Lawton",6,12.5,22.3,32.1,34.9,32.3
"215","404720","AZ","Avondale",5.6,15.7,17,26.6,37.3,30.3
"216","4052500","OK","Norman",6.3,13.5,16.8,25.4,34,32
"217","4055000","OK","Oklahoma City",5.9,12.6,18.8,29.7,34.3,32.9
"218","4075000","OK","Tulsa",6.2,12.8,19.5,30.2,34.1,30.8
"219","4105350","OR","Beaverton",6.2,18.3,14.3,14.9,31,28.6
"220","4105800","OR","Bend",6.5,21.2,15.1,14,29.7,25.9
"221","412000","AZ","Chandler",6.2,17.7,14.1,19,34.4,24.8
"222","4123850","OR","Eugene",6.7,18.4,17.5,16.6,30.6,27.1
"223","4131250","OR","Gresham",6.4,18.6,20.2,18.3,32.3,25.4
"224","4134100","OR","Hillsboro",6.2,18.7,15.2,15.8,31.3,29.4
"225","4147000","OR","Medford",6.4,19.3,22.2,18.2,34.5,28.7
"226","4159000","OR","Portland",6.3,19.1,16,14.6,30.4,22.9
"227","4164900","OR","Salem",6.5,16.6,18.7,19.2,32.8,34.5
"228","4202000","PA","Allentown",5.8,16.7,21.9,32,39.4,37.8
"229","4206088","PA","Bethlehem",6.2,19.2,19.3,27.1,38.3,33.4
"230","4224000","PA","Erie",6.3,17.3,24.5,28.7,42.8,39.7
"231","4260000","PA","Philadelphia",5.7,20.4,22.8,27.7,42.6,30.3
"232","4261000","PA","Pittsburgh",6.1,22,20.9,23.2,40.4,32.3
"233","4263624","PA","Reading",5.6,14.6,24.4,39.8,45.4,42.5
"234","4269000","PA","Scranton",6.3,19.9,22.7,28,37.5,32.8
"235","427400","AZ","Gilbert",6.3,18.8,13.6,17,33.6,23.9
"236","427820","AZ","Glendale",6,15.7,18.6,26.2,37.1,30
"237","4419180","RI","Cranston",6.5,17.9,17.2,24.9,38.3,26.1
"238","4454640","RI","Pawtucket",6.3,15.7,21,31.2,41.4,30.7
"239","4459000","RI","Providence",5.9,13.8,19.2,34,41.6,32.3
"240","446000","AZ","Mesa",6.3,16.9,17.8,23.2,36,28.5
"241","4474300","RI","Warwick",6.4,20,19.6,21.1,36.3,28.4
"242","4513330","SC","Charleston",6.3,20.5,15.9,20.8,33.2,29.1
"243","4516000","SC","Columbia",5.9,16.3,18.8,28.3,38.5,35.2
"244","454050","AZ","Peoria",6.3,18.2,15.9,20,34.8,26
"245","4548535","SC","Mount Pleasant",6.6,23.1,13,16.1,29.2,24
"246","455000","AZ","Phoenix",6,15.6,18,26.2,36.8,30.1
"247","4550875","SC","North Charleston",5.9,16.8,21.7,30.3,38.8,36.1
"248","4561405","SC","Rock Hill",6.3,17.2,20.7,30.9,40.9,35.2
"249","465000","AZ","Scottsdale",6.5,18.9,12.6,15.6,32.3,23.4
"250","4652980","SD","Rapid City",6.5,18.6,20,19.6,27,28.7
"251","4659020","SD","Sioux Falls",6.5,19.3,18.7,18.9,27.1,31.9
"252","4714000","TN","Chattanooga",5.9,13.1,24.1,29.2,40.3,34.4
"253","471510","AZ","Surprise",6.3,17.9,16.4,20.3,35.3,26.7
"254","4715160","TN","Clarksville",6.1,14.6,22.1,28.1,41.3,37.8
"255","473000","AZ","Tempe",6.2,16.8,15.7,20.7,35.3,27.3
"256","4740000","TN","Knoxville",6.4,14.1,24.5,27.7,37.4,34
"257","4748000","TN","Memphis",5.5,11.5,24.5,32.1,41.1,41
"258","4751560","TN","Murfreesboro",6.3,15.3,21.2,25.5,37.7,31.3
"259","4752006","TN","Nashville",6.1,15.6,21.5,26.8,39.4,32.2
"260","477000","AZ","Tucson",5.9,15.1,19.1,26.1,34.6,30.1
"261","4801000","TX","Abilene",6,17.3,21.4,28.7,33.9,36
"262","4801924","TX","Allen",6.1,18.5,12.7,19.7,31.8,25.9
"263","4803000","TX","Amarillo",6.1,18.1,19.3,27.8,34.2,33.8
"264","4804000","TX","Arlington",6,16,18.1,28.9,36.3,31.9
"265","4805000","TX","Austin",5.8,18.6,14.1,21.5,29.1,26.1
"266","4806128","TX","Baytown",5.8,16.4,17.4,29.8,35.1,32.8
"267","4807000","TX","Beaumont",5.7,15.3,20.2,30.4,38.1,39.9
"268","4810768","TX","Brownsville",4.8,13.7,17.4,39.2,35,44.4
"269","4810912","TX","Bryan",5.9,15.5,19,27.4,36.8,35
"270","4813024","TX","Carrollton",5.8,17.1,15.3,24.2,31.3,29.8
"271","4815976","TX","College Station",6.2,16.2,15,20.8,34.2,29.4
"272","4817000","TX","Corpus Christi",5.4,18.1,16.7,30,34.1,37.5
"273","4819000","TX","Dallas",5.6,15.7,17.7,30.7,34.3,35.6
"274","4819972","TX","Denton",6.3,17.5,17.8,23.8,31.3,33.8
"275","4822660","TX","Edinburg",4.7,14.1,14,28.8,32.8,32.4
"276","4824000","TX","El Paso",5,17.3,15.6,29.6,36.9,34.9
"277","4827000","TX","Fort Worth",5.8,16,18.8,31.1,36.6,33.7
"278","4827684","TX","Frisco",6.2,19.2,11.8,17.6,29.9,25.9
"279","4829000","TX","Garland",5.7,16,17.9,29.8,33.7,32.4
"280","4830464","TX","Grand Prairie",5.6,16.3,16.9,29.2,34.5,32.8
"281","4835000","TX","Houston",5.5,15.1,16,30.4,35.5,32.9
"282","4837000","TX","Irving",5.7,15.9,15.9,28.3,32.8,31
"283","4839148","TX","Killeen",5.7,16.4,19.4,29.3,39.2,37.4
"284","4841464","TX","Laredo",4.6,14.3,16.9,39.5,35,41.4
"285","4841980","TX","League City",6,19.9,14.3,20.5,33.7,30.2
"286","4842508","TX","Lewisville",6,17.7,16.8,23.9,31.3,32.4
"287","4843888","TX","Longview",6.1,17.5,20.3,28.8,35.7,37
"288","4845000","TX","Lubbock",6,17.2,18.3,28.9,35.6,37.6
"289","4845384","TX","McAllen",4.8,14.2,13.8,28.2,32.5,31.6
"290","4845744","TX","McKinney",6.2,18.6,14.3,22.1,32.4,28.7
"291","4847892","TX","Mesquite",5.9,16.5,18.8,29.3,34.1,34.1
"292","4848072","TX","Midland",5.9,19.1,16.3,25.5,32.7,33.2
"293","4848768","TX","Mission",4.9,14.4,14.3,28.6,32.6,31.6
"294","4848804","TX","Missouri City",5.5,16.4,13.4,21.8,34.8,30.8
"295","4853388","TX","Odessa",5.7,17.7,17.8,32.1,32.9,35.3
"296","485540","AZ","Yuma",5.6,15.4,18,27.8,31.8,36.4
"297","4856000","TX","Pasadena",5.7,15.9,16.9,32.1,34.2,32.5
"298","4856348","TX","Pearland",5.8,18.4,13.1,20,31.3,27.5
"299","4857200","TX","Pharr",4.8,12.9,16.5,34.1,34.3,35.2
"300","4858016","TX","Plano",6,17.5,12.4,20.4,31.9,25.6
"301","4861796","TX","Richardson",6,17.7,12.9,20.7,30.9,26.2
"302","4863500","TX","Round Rock",6,19.9,14.8,22.5,33,32.4
"303","4864472","TX","San Angelo",5.9,17.8,18.3,27.5,34.9,32.5
"304","4865000","TX","San Antonio",5.3,16.9,15.6,30.7,35,38.4
"305","4870808","TX","Sugar Land",5.5,16.8,11.5,19.2,31.8,23.3
"306","4874144","TX","Tyler",6,16.4,19.3,28.1,36,39.5
"307","4876000","TX","Waco",5.8,15.4,20.8,32.2,35.7,39.7
"308","4879000","TX","Wichita Falls",5.9,17.4,22,29.6,38.9,32.1
"309","4943660","UT","Layton",6.2,9.3,9.1,18.9,30.8,28.9
"310","4955980","UT","Ogden",6.1,11.9,13.7,27.3,34.2,37.5
"311","4957300","UT","Orem",6.3,8,8.5,15.7,30.7,27.7
"312","4962470","UT","Provo",6.3,7.3,9.1,16.9,31.4,29.3
"313","4965330","UT","St. George",6.3,11.2,10.3,17.5,32.4,25.4
"314","4967000","UT","Salt Lake City",6,13.6,10.6,17.9,30.3,27.1
"315","4967440","UT","Sandy",6.2,15.8,9.5,13.9,28.9,23.9
"316","4982950","UT","West Jordan",6,15.1,11,16.7,30.4,26
"317","4983470","UT","West Valley City",5.8,13,13.4,22.8,32.8,29.5
"318","5010675","VT","Burlington",6.4,18.6,16.2,18.1,29.6,25.5
"319","5101000","VA","Alexandria",6,17.7,12.4,17.6,30.9,24.9
"320","5116000","VA","Chesapeake",6,16.6,16.9,22.5,37.8,32.2
"321","5135000","VA","Hampton",5.9,16.6,19.6,24.5,43.3,35.9
"322","5147672","VA","Lynchburg",6.2,15,20.5,25.7,38,33
"323","5156000","VA","Newport News",6,14.8,19.7,24.1,38.2,34.5
"324","5157000","VA","Norfolk",5.8,18,20.4,24.5,41.7,35.2
"325","5164000","VA","Portsmouth",5.9,14.9,22.6,27.8,45.2,37.1
"326","5167000","VA","Richmond",5.7,16.2,20.5,27.6,39.4,34.8
"327","5168000","VA","Roanoke",6.1,15.2,21.9,26.8,39.8,33.9
"328","5176432","VA","Suffolk",6,16.6,18.9,24,41.2,32.8
"329","5182000","VA","Virginia Beach",6.1,19.6,16.9,20.9,37.3,27.7
"330","523290","AR","Fayetteville",6.7,15.9,20.3,26.8,34.5,32.9
"331","524550","AR","Fort Smith",6.3,13.8,25.7,35,35.4,35.5
"332","5303180","WA","Auburn",6.3,17.2,16,18.6,32.5,27.7
"333","5305210","WA","Bellevue",6.1,17,8.7,12,28.5,19.6
"334","5305280","WA","Bellingham",6.4,18,15.8,16.1,31.1,30.2
"335","5322640","WA","Everett",6.1,16.4,17.9,20.2,37.3,31.8
"336","5323515","WA","Federal Way",6.1,16.4,14.5,18.4,32.6,26.7
"337","5335275","WA","Kennewick",6.3,17.6,18.2,20.3,33.8,34.9
"338","5335415","WA","Kent",6.1,15.9,15.5,19.6,33.1,27.4
"339","535710","AR","Jonesboro",6.6,13.9,21.9,29.8,32.7,36.5
"340","5357745","WA","Renton",6,16.4,12.6,16.5,31.7,24.2
"341","5363000","WA","Seattle",6.2,17.7,10.4,13.4,29.1,23.1
"342","5367000","WA","Spokane",6.6,17.6,19.7,19.9,32.7,31.4
"343","5367167","WA","Spokane Valley",6.7,18.8,19,18.6,32.2,30.3
"344","5370000","WA","Tacoma",6.4,16.1,18,20.5,37.9,32.9
"345","5374060","WA","Vancouver",6.3,16.7,17.5,18.7,32.4,31.2
"346","5380010","WA","Yakima",6,15.5,19.2,24.8,33.8,34.8
"347","541000","AR","Little Rock",6.3,15.2,19.7,28.9,36.4,34.3
"348","5414600","WV","Charleston",6.3,13.7,22.7,24.3,40.3,37.2
"349","5502375","WI","Appleton",6.4,24,17.8,19.1,29.7,30.3
"350","5531000","WI","Green Bay",6.3,25,20.7,23.8,36,34.7
"351","5539225","WI","Kenosha",6.2,23.8,20.6,22.8,34.7,32.8
"352","5548000","WI","Madison",6.3,25.3,14.1,16.2,29.3,27.6
"353","5553000","WI","Milwaukee",5.8,21.5,22.2,28.8,39.2,38.5
"354","5566000","WI","Racine",6,21.4,21.3,25.5,39.8,37.8
"355","5584250","WI","Waukesha",6.3,24.2,16.9,18.4,33.2,29.2
"356","5613900","WY","Cheyenne",6.2,16.8,19.9,23.4,33.4,29.4
"357","566080","AR","Springdale",6.3,14.7,23.9,34.8,36.3,36
"358","600562","CA","Alameda",5.6,18.3,11.8,15.7,33.7,18.1
"359","600884","CA","Alhambra",4.6,12.7,11.2,22.4,38,18.4
"360","602000","CA","Anaheim",5.3,15.4,13.9,22.2,33.7,24.2
"361","602252","CA","Antioch",5.7,15.6,15.3,22,35.4,29.8
"362","602364","CA","Apple Valley",5.9,17.5,17.6,22.6,38.5,28.4
"363","603526","CA","Bakersfield",5.7,17.7,16.8,24.6,36.9,29.6
"364","603666","CA","Baldwin Park",4.6,15.1,13.2,26.7,37.4,26.6
"365","604982","CA","Bellflower",5.3,15.8,14,23,37.8,26.9
"366","606000","CA","Berkeley",6,18.8,11.4,14.5,32.5,20.6
"367","608786","CA","Buena Park",5.2,14.9,13.3,21.1,34.1,21.9
"368","608954","CA","Burbank",5.9,18.6,12.3,16.4,34,22.3
"369","611194","CA","Carlsbad",6.2,22.9,10.6,12.7,30.2,18
"370","611530","CA","Carson",4.9,15.1,12.2,21.1,38.8,24.2
"371","613014","CA","Chico",6.4,18.4,16.1,18.8,33.4,26.1
"372","613210","CA","Chino",5.2,17.9,13.5,21.2,37.4,25.4
"373","613214","CA","Chino Hills",5.1,17.1,10.1,16.4,36.1,19.5
"374","613392","CA","Chula Vista",5.1,18.6,12.3,21,34.1,21.9
"375","613588","CA","Citrus Heights",6.3,19.9,16.6,19.7,35.6,28.2
"376","614218","CA","Clovis",6,17.6,14,18.7,33.4,29.2
"377","615044","CA","Compton",4.9,14.1,17,29.6,41.4,34.8
"378","616000","CA","Concord",5.9,16.6,13.9,19.5,33.1,27.1
"379","616350","CA","Corona",5.6,18.4,13.7,21.9,37.6,26.9
"380","616532","CA","Costa Mesa",5.9,17.5,13.3,18,31.7,23.2
"381","617918","CA","Daly City",4.8,13.4,10.9,19.8,34.9,18.6
"382","619766","CA","Downey",5.2,17,12,21.4,35.5,25.8
"383","621712","CA","El Cajon",6,19.2,18.2,22.7,35.3,24.9
"384","622020","CA","Elk Grove",5.6,17.4,12.6,18.5,36.3,23.8
"385","622230","CA","El Monte",4.5,13.2,15.3,30.4,39.3,26.2
"386","622804","CA","Escondido",5.7,19,15.7,22.6,34.5,23.8
"387","623182","CA","Fairfield",5.6,17.1,15.2,22.3,37.4,25.4
"388","624638","CA","Folsom",6.2,21.5,11.7,14.4,33.1,23.1
"389","624680","CA","Fontana",5,16.3,14.5,25.1,38.7,28.5
"390","626000","CA","Fremont",5.1,16.7,10,15.6,34,15.3
"391","627000","CA","Fresno",5.5,14.2,17,27,36.5,34.7
"392","628000","CA","Fullerton",5.5,15.6,12.4,18.6,32.7,21.5
"393","629000","CA","Garden Grove",5,13.7,14.3,23.8,35.6,21
"394","630000","CA","Glendale",5.9,17.5,13.6,18,34.9,22.3
"395","632548","CA","Hawthorne",5.1,15,14.7,24.5,39.2,29.9
"396","633000","CA","Hayward",5.2,17.2,14.4,21.5,36.5,22.9
"397","633182","CA","Hemet",5.9,17,18.8,27.2,39.8,31.7
"398","633434","CA","Hesperia",5.6,16.6,18.2,26,39.1,30
"399","636000","CA","Huntington Beach",6,18.8,12.2,14.9,30.8,20.8
"400","636448","CA","Indio",5.5,16.9,15.5,27.4,38.5,31.3
"401","636546","CA","Inglewood",5.1,14.6,15,25,40.7,32.9
"402","636770","CA","Irvine",5.6,15.4,9.2,13.9,31.1,16.7
"403","639496","CA","Lake Forest",5.9,18.5,11,14.9,30.6,20.3
"404","639892","CA","Lakewood",5.6,18,12.2,17.6,35.7,22.5
"405","640130","CA","Lancaster",5.7,16.5,16.6,23.6,38.4,29.4
"406","641992","CA","Livermore",6.1,21.7,13.1,15.1,32.2,20.6
"407","643000","CA","Long Beach",5.5,16.1,13.9,21.6,37.1,26
"408","644000","CA","Los Angeles",5.4,16,13.8,22.7,36.6,26.4
"409","644574","CA","Lynwood",4.7,14.2,16.2,31.3,39.1,33.1
"410","645484","CA","Manteca",5.8,18.8,15.7,23.1,34.9,29.9
"411","646842","CA","Menifee",5.9,19.4,15.3,21.6,37.9,27.7
"412","646898","CA","Merced",5.6,15,17.8,29.2,37.6,29.6
"413","647766","CA","Milpitas",4.7,12.7,9.6,20.6,33.5,15.7
"414","648256","CA","Mission Viejo",6.1,19.5,11,13.3,29.9,19.9
"415","648354","CA","Modesto",5.9,17.3,16.1,25,36.3,31.6
"416","649270","CA","Moreno Valley",5.3,16.3,15.9,27,40.5,31.6
"417","649670","CA","Mountain View",5.7,16.1,8.9,16,29.5,18.9
"418","650076","CA","Murrieta",5.9,19.6,13.6,18.9,37,25.5
"419","650258","CA","Napa",6.1,19.9,14.7,19.5,33,24
"420","651182","CA","Newport Beach",6.3,20,9.4,11.1,28.2,18.8
"421","652526","CA","Norwalk",4.9,16.1,12.9,23.6,36.8,26.1
"422","653000","CA","Oakland",5.3,16.7,15.1,21.7,37,25
"423","653322","CA","Oceanside",5.8,20.3,14.2,19,33.7,22.2
"424","653896","CA","Ontario",5.1,16.3,15,25.5,38.5,28.8
"425","653980","CA","Orange",5.7,17.4,13,18.1,31.9,22.6
"426","654652","CA","Oxnard",5.2,15.7,14.8,28,36.7,28.8
"427","655156","CA","Palmdale",5.4,16,15.7,24.9,38,29.3
"428","656000","CA","Pasadena",5.6,17,11,17.2,34.5,23
"429","656700","CA","Perris",5,15.7,16.6,30.8,40.8,33.6
"430","657792","CA","Pleasanton",6,20.8,10,12.6,31.1,17
"431","658072","CA","Pomona",5,15.1,14.4,26.1,37.7,28.7
"432","659451","CA","Rancho Cucamonga",5.6,18.6,12.3,17.5,36.3,23.8
"433","659920","CA","Redding",6.5,18.8,17.9,20,32.5,26
"434","659962","CA","Redlands",5.8,18.3,13.3,18.1,35.9,24.3
"435","660018","CA","Redondo Beach",6,20.5,9.3,12,31.7,19.3
"436","660102","CA","Redwood City",5.8,17.7,11.9,17.4,31.2,24.5
"437","660466","CA","Rialto",5.1,15.7,15.9,27,39.9,31
"438","660620","CA","Richmond",5.3,13.9,15.2,24.6,37,31.6
"439","662000","CA","Riverside",5.6,17.4,15.2,24.4,38.6,29.2
"440","662938","CA","Roseville",6.3,20.3,12.6,15.9,31.2,21.2
"441","664000","CA","Sacramento",5.6,16.2,15.5,23.2,37.7,28.6
"442","664224","CA","Salinas",5.2,15,16.2,29.2,34.8,31.4
"443","665000","CA","San Bernardino",5.2,14.4,18.9,30.7,41.1,33.1
"444","665042","CA","San Buenaventura (Ventura)",6.2,19.4,13.2,18.3,33.5,24.5
"445","666000","CA","San Diego",5.6,19.6,12.4,17.9,33.2,20.4
"446","667000","CA","San Francisco",5.3,21.2,11.5,17.9,30.3,17.2
"447","668000","CA","San Jose",5.3,14.5,11.3,21.7,32.5,20.6
"448","668084","CA","San Leandro",5.3,16.9,14.1,20.5,36.4,21.1
"449","668196","CA","San Marcos",5.8,20.1,13.4,18.8,33.2,21.3
"450","668252","CA","San Mateo",5.8,17.2,11.4,16.6,31.5,22.6
"451","668378","CA","San Ramon",5.7,16.6,8.5,13,30.6,19.3
"452","669000","CA","Santa Ana",4.8,14,15.7,28.8,35.2,27.9
"453","669070","CA","Santa Barbara",6,18.9,12.2,17.6,27.7,24.6
"454","669084","CA","Santa Clara",5.5,15,9.5,17.7,31,18.3
"455","669088","CA","Santa Clarita",5.9,19.4,12.1,16.2,34,22.6
"456","669196","CA","Santa Maria",5.4,15.5,16.9,29,31.6,30.2
"457","670000","CA","Santa Monica",6.1,19.4,9.5,12.6,31.6,20.4
"458","670098","CA","Santa Rosa",6.2,18.3,14.6,19.4,33.9,24.3
"459","672016","CA","Simi Valley",6.1,19.7,12.8,17.3,33.5,22.6
"460","673080","CA","South Gate",4.7,15,14.5,29.5,37.2,31
"461","675000","CA","Stockton",5.3,15.1,16.3,28.3,37.6,31.1
"462","677000","CA","Sunnyvale",5.5,14.8,8.6,16.6,30.4,17.2
"463","678120","CA","Temecula",5.9,20.2,13,17.8,36.4,24.5
"464","678582","CA","Thousand Oaks",6.2,19.8,11.3,15.4,32.2,21.5
"465","680000","CA","Torrance",5.5,17,9.9,15.1,34.6,18
"466","680238","CA","Tracy",5.5,18.7,13.5,21.3,34.7,27.5
"467","680812","CA","Turlock",6,17.9,15.5,23.8,35.4,30.5
"468","680854","CA","Tustin",5.5,15.8,11.9,18.4,32.2,21.4
"469","681204","CA","Union City",4.8,15.5,11.7,19.3,36.3,17
"470","681344","CA","Upland",5.7,17.7,13.5,19.5,36.8,25.2
"471","681554","CA","Vacaville",5.9,19.9,15.2,19.4,35.9,25
"472","681666","CA","Vallejo",5.3,15.3,14.9,23.6,38.9,25.2
"473","682590","CA","Victorville",5.4,15.9,17.7,26.3,40.3,31
"474","682954","CA","Visalia",5.8,17.9,16,23.4,32.7,33.8
"475","682996","CA","Vista",5.7,19.7,15.3,21.6,34.3,23.7
"476","684200","CA","West Covina",5,15.8,11,20.3,36.3,22.1
"477","684550","CA","Westminster",4.9,12.9,14.5,23.9,36.2,19.6
"478","685292","CA","Whittier",5.4,18.1,11.4,19.3,34.4,25.3
"479","803455","CO","Arvada",6.4,21.4,16.3,13.6,26.9,23.2
"480","804000","CO","Aurora",5.7,16.8,17.9,19.8,31.3,25.3
"481","807850","CO","Boulder",6.3,20.2,12.4,10.9,24.5,16.6
"482","812815","CO","Centennial",6.1,20.3,12.6,11.9,26.6,19.1
"483","816000","CO","Colorado Springs",6.3,16,16.1,16.7,30.2,24.2
"484","820000","CO","Denver",5.9,22.4,16.8,16,28.2,20.2
"485","827425","CO","Fort Collins",6.4,19.3,14.8,13,26.7,23.2
"486","832155","CO","Greeley",5.8,17.8,18.6,19.7,29.6,27.8
"487","843000","CO","Lakewood",6.3,20.2,16.5,14.9,27.4,24.3
"488","845970","CO","Longmont",6.1,20.2,14.8,13.5,25.8,17.8
"489","846465","CO","Loveland",6.4,20.2,16,13.4,27,23.3
"490","862000","CO","Pueblo",5.8,15.2,20,23.6,35.1,30.7
"491","877290","CO","Thornton",5.9,18.6,18.7,19.1,30.6,25.9
"492","883835","CO","Westminster",6.1,20,16.6,15.8,28.7,23.8
"493","908000","CT","Bridgeport",5.6,15,18.4,28.8,40.1,32.4
"494","918430","CT","Danbury",6.1,18.2,16.1,21.9,35.7,25.4
"495","937000","CT","Hartford",5.3,13.4,20.5,36.7,41,37.2
"496","950370","CT","New Britain",5.9,15.9,19.6,31.3,37.3,31.9
"497","952000","CT","New Haven",5.9,13.9,18.6,28,40.8,34.3
"498","955990","CT","Norwalk",6.1,18.5,13.7,19.5,34.7,25
"499","973000","CT","Stamford",6,18.2,12.9,19,34.5,24.3
"500","980000","CT","Waterbury",6.1,14.5,21.6,29.9,40.6,34.2
